{
  "task": "pick",
  "grasps": [
    {
      "rotation_matrix": [
        [
          0.7769683599472046,
          0.6196824908256531,
          -0.11096717417240143
        ],
        [
          0.5350415110588074,
          -0.7428857088088989,
          -0.4023075997829437
        ],
        [
          -0.3317388892173767,
          0.2532082498073578,
          -0.9087545871734619
        ]
      ],
      "translation_vector": [
        -0.0014264140045270324,
        -0.2734828591346741,
        0.03246045857667923
      ],
      "confidence": 0.6670871376991272,
      "color": [
        77,
        175,
        74
      ]
    },
    {
      "rotation_matrix": [
        [
          -0.9533511400222778,
          -0.29860708117485046,
          -0.04421955347061157
        ],
        [
          -0.2970605492591858,
          0.9540891647338867,
          -0.03832568973302841
        ],
        [
          0.05363371968269348,
          -0.023401957005262375,
          -0.9982864260673523
        ]
      ],
      "translation_vector": [
        0.006453121080994606,
        -0.3007611632347107,
        0.024189669638872147
      ],
      "confidence": 0.5610998868942261,
      "color": [
        55,
        126,
        184
      ]
    },
    {
      "rotation_matrix": [
        [
          -0.9533511400222778,
          -0.29860708117485046,
          -0.04421955347061157
        ],
        [
          -0.2970605492591858,
          0.9540891647338867,
          -0.03832568973302841
        ],
        [
          0.05363371968269348,
          -0.023401957005262375,
          -0.9982864260673523
        ]
      ],
      "translation_vector": [
        0.006453121080994606,
        -0.3007611632347107,
        0.024189669638872147
      ],
      "confidence": 0.5532059669494629,
      "color": [
        228,
        26,
        28
      ]
    }
  ]
}