{
  "1": [
    -0.0014264140045270324,
    -0.2734828591346741,
    0.03246045857667923,
    2.6204500624710283,
    0.882543595356672,
    -0.33835565679678825
  ],
  "2": [
    0.006453121080994606,
    -0.3007611632347107,
    0.024189669638872147,
    0.46612896916027113,
    -3.056356026126418,
    0.04830385704268542
  ],
  "3": [
    0.006453121080994606,
    -0.3007611632347107,
    0.024189669638872147,
    0.46612896916027113,
    -3.056356026126418,
    0.04830385704268542
  ]
}