{
  "task": "pick",
  "grasps": [
    {
      "rotation_matrix": [
        [
          0.9585661888122559,
          0.28413641452789307,
          -0.020428908988833427
        ],
        [
          0.2637721002101898,
          -0.9123727083206177,
          -0.3130500912666321
        ],
        [
          -0.10758771002292633,
          0.29469063878059387,
          -0.9495168924331665
        ]
      ],
      "translation_vector": [
        0.000813349848613143,
        -0.271567702293396,
        0.03284584358334541
      ],
      "confidence": 0.5589100122451782,
      "color": [
        55,
        126,
        184
      ]
    },
    {
      "rotation_matrix": [
        [
          0.6969215869903564,
          0.6850515604019165,
          -0.21214281022548676
        ],
        [
          0.5609826445579529,
          -0.7050479054450989,
          -0.4338269531726837
        ],
        [
          -0.4467647075653076,
          0.18333493173122406,
          -0.8756651878356934
        ]
      ],
      "translation_vector": [
        -0.0042881895788013935,
        -0.26750659942626953,
        0.04571307823061943
      ],
      "confidence": 0.5541158318519592,
      "color": [
        228,
        26,
        28
      ]
    }
  ]
}