{
  "1": [
    0.000813349848613143,
    -0.271567702293396,
    0.03284584358334541,
    2.7992025026484515,
    0.40144605160452224,
    -0.09379625767686954
  ],
  "2": [
    -0.0042881895788013935,
    -0.26750659942626953,
    0.04571307823061943,
    2.5713389660703676,
    0.977526989884114,
    -0.5169198997787943
  ]
}